{
    "next": [
        {
            "accuracy": 0.39401684500863, 
            "address": "Bermejo, Provincia Arce, TJA, Bolivia", 
            "bbox": {
                "northeast": [
                    -22.6914541, 
                    -64.3003166
                ], 
                "southwest": [
                    -22.7714541, 
                    -64.3803166
                ]
            }, 
            "confidence": 4, 
            "country": "Bolivia", 
            "county": "Provincia Arce", 
            "encoding": "utf-8", 
            "geometry": {
                "coordinates": [
                    -64.3403166, 
                    -22.7314541
                ], 
                "type": "Point"
            }, 
            "icon": "http://nominatim.openstreetmap.org/images/mapicons/poi_place_town.p.20.png", 
            "importance": 0.39401684500863, 
            "lat": -22.7314541, 
            "lng": -64.3403166, 
            "location": "bermejo, bolivia", 
            "method": "geocode", 
            "ok": true, 
            "osm_id": "198437954", 
            "osm_type": "node", 
            "place_id": "525784", 
            "place_rank": "18", 
            "provider": "osm", 
            "quality": "town", 
            "region": "TJA", 
            "state": "TJA", 
            "status": "OK", 
            "town": "Bermejo", 
            "type": "town"
        }, 
        {
            "accuracy": 0.65917320224348, 
            "address": "Tarija, Provincia Cercado, TJA, Bolivia", 
            "bbox": {
                "northeast": [
                    -21.3749268, 
                    -64.5715311
                ], 
                "southwest": [
                    -21.6949268, 
                    -64.8915311
                ]
            }, 
            "city": "Tarija", 
            "confidence": 1, 
            "country": "Bolivia", 
            "county": "Provincia Cercado", 
            "encoding": "utf-8", 
            "geometry": {
                "coordinates": [
                    -64.7315311, 
                    -21.5349268
                ], 
                "type": "Point"
            }, 
            "icon": "http://nominatim.openstreetmap.org/images/mapicons/poi_place_city.p.20.png", 
            "importance": 0.65917320224348, 
            "lat": -21.5349268, 
            "lng": -64.7315311, 
            "location": "tarija, bolivia", 
            "method": "geocode", 
            "ok": true, 
            "osm_id": "319524032", 
            "osm_type": "node", 
            "place_id": "1397652", 
            "place_rank": "16", 
            "provider": "osm", 
            "quality": "city", 
            "region": "TJA", 
            "state": "TJA", 
            "status": "OK", 
            "type": "city"
        }, 
        {
            "address": "Uyuni, Provincia Antonio Quijarro, Potos\u00ed, Bolivia", 
            "country": "BO", 
            "lat": -20.4599417, 
            "lng": -66.8225116, 
            "location": "uyuni, bolivia", 
            "osm_id": "795493613", 
            "osm_type": "node", 
            "provider": "osm", 
            "quality": "town", 
            "state": "Potos\u00ed", 
            "status": "OK"
        }, 
        {
            "address": "Potos\u00ed, Provincia Tomas Frias, PSI, Bolivia", 
            "city": "Potos\u00ed", 
            "country": "BO", 
            "lat": -19.5892815, 
            "lng": -65.7535106, 
            "location": "potosi, bolivia", 
            "osm_id": "277381654", 
            "osm_type": "node", 
            "provider": "osm", 
            "quality": "city", 
            "state": "PSI", 
            "status": "OK"
        }, 
        {
            "address": "Sucre, Provincia Oropeza, CHQ, Bolivia", 
            "city": "Sucre", 
            "country": "BO", 
            "lat": -19.047862, 
            "lng": -65.2596023, 
            "location": "sucre, bolivia", 
            "osm_id": "313764484", 
            "osm_type": "node", 
            "provider": "osm", 
            "quality": "city", 
            "state": "CHQ", 
            "status": "OK"
        }, 
        {
            "accuracy": 0.68201488613777, 
            "address": "Oruro, Provincia Cercado, ORU, Bolivia", 
            "bbox": {
                "northeast": [
                    -17.8003802, 
                    -66.9501439
                ], 
                "southwest": [
                    -18.1203802, 
                    -67.2701439
                ]
            }, 
            "city": "Oruro", 
            "confidence": 1, 
            "country": "Bolivia", 
            "county": "Provincia Cercado", 
            "encoding": "utf-8", 
            "geometry": {
                "coordinates": [
                    -67.1101439, 
                    -17.9603802
                ], 
                "type": "Point"
            }, 
            "icon": "http://nominatim.openstreetmap.org/images/mapicons/poi_place_city.p.20.png", 
            "importance": 0.68201488613777, 
            "lat": -17.9603802, 
            "lng": -67.1101439, 
            "location": "oruro, bolivia", 
            "method": "geocode", 
            "ok": true, 
            "osm_id": "319780564", 
            "osm_type": "node", 
            "place_id": "1399364", 
            "place_rank": "16", 
            "provider": "osm", 
            "quality": "city", 
            "region": "ORU", 
            "state": "ORU", 
            "status": "OK", 
            "type": "city"
        }, 
        {
            "address": "Cochabamba, Provincia Cercado, CBA, Bolivia", 
            "city": "Cochabamba", 
            "country": "BO", 
            "lat": -17.3935419, 
            "lng": -66.1570139, 
            "location": "cochabamba, bolivia", 
            "osm_id": "313811401", 
            "osm_type": "node", 
            "provider": "osm", 
            "quality": "city", 
            "state": "CBA", 
            "status": "OK"
        }, 
        {
            "accuracy": 1.0641528440845, 
            "address": "Santa Cruz de la Sierra, Provincia Andres Ibanez, SCZ, Bolivia", 
            "bbox": {
                "northeast": [
                    -17.6236904, 
                    -63.0221038
                ], 
                "southwest": [
                    -17.9436904, 
                    -63.3421038
                ]
            }, 
            "city": "Santa Cruz de la Sierra", 
            "confidence": 1, 
            "country": "Bolivia", 
            "county": "Provincia Andres Ibanez", 
            "encoding": "utf-8", 
            "geometry": {
                "coordinates": [
                    -63.1821038, 
                    -17.7836904
                ], 
                "type": "Point"
            }, 
            "icon": "http://nominatim.openstreetmap.org/images/mapicons/poi_place_city.p.20.png", 
            "importance": 1.0641528440845, 
            "lat": -17.7836904, 
            "lng": -63.1821038, 
            "location": "santa cruz de la sierra, bolivia", 
            "method": "geocode", 
            "ok": true, 
            "osm_id": "415163462", 
            "osm_type": "node", 
            "place_id": "3832613", 
            "place_rank": "16", 
            "provider": "osm", 
            "quality": "city", 
            "region": "SCZ", 
            "state": "SCZ", 
            "status": "OK", 
            "type": "city"
        }, 
        {
            "address": "La Paz, Provincia Murillo, LPZ, Bolivia", 
            "city": "La Paz", 
            "country": "BO", 
            "lat": -16.5065951, 
            "lng": -68.1295102, 
            "location": "la paz, bolivia", 
            "osm_id": "1975648720", 
            "osm_type": "node", 
            "provider": "osm", 
            "quality": "city", 
            "state": "LPZ", 
            "status": "OK"
        }, 
        {
            "accuracy": 0.64761685113657, 
            "address": "Copacabana, Provincia Manco Kapac, LPZ, Bolivia", 
            "bbox": {
                "northeast": [
                    -16.1261162, 
                    -69.0466975
                ], 
                "southwest": [
                    -16.2061162, 
                    -69.1266975
                ]
            }, 
            "confidence": 4, 
            "country": "Bolivia", 
            "county": "Provincia Manco Kapac", 
            "encoding": "utf-8", 
            "geometry": {
                "coordinates": [
                    -69.0866975, 
                    -16.1661162
                ], 
                "type": "Point"
            }, 
            "icon": "http://nominatim.openstreetmap.org/images/mapicons/poi_place_town.p.20.png", 
            "importance": 0.64761685113657, 
            "lat": -16.1661162, 
            "lng": -69.0866975, 
            "location": "copacabana, Manco Kapac, bolivia", 
            "method": "geocode", 
            "ok": true, 
            "osm_id": "795662927", 
            "osm_type": "node", 
            "place_id": "7145283", 
            "place_rank": "18", 
            "provider": "osm", 
            "quality": "town", 
            "region": "LPZ", 
            "state": "LPZ", 
            "status": "OK", 
            "town": "Copacabana", 
            "type": "town"
        }
    ], 
    "previous": [
        {
            "address": "Rafaela, Municipio de Rafaela, Departamento Castellanos, Santa Fe, Argentina", 
            "city": "Rafaela", 
            "country": "AR", 
            "lat": -31.2519021, 
            "lng": -61.4916101, 
            "location": "rafaela, santa fe, argentina", 
            "osm_id": "2277385", 
            "osm_type": "relation", 
            "provider": "osm", 
            "quality": "administrative", 
            "state": "Santa Fe", 
            "status": "OK"
        }, 
        {
            "address": "Ceres, Municipio de Ceres, Departamento San Crist\u00f3bal, Santa Fe, Argentina", 
            "country": "AR", 
            "lat": -29.8819399, 
            "lng": -61.9451954, 
            "location": "ceres, santa fe, argentina", 
            "osm_id": "198442985", 
            "osm_type": "node", 
            "provider": "osm", 
            "quality": "town", 
            "state": "Santa Fe", 
            "status": "OK"
        }, 
        {
            "address": "Catamarca, Departamento Capital, Catamarca, 4700, Argentina", 
            "city": "Catamarca", 
            "country": "AR", 
            "lat": -28.4688963, 
            "lng": -65.7790753, 
            "location": "san fernando del valle de catamarca, catamarca, argentina", 
            "osm_id": "1846690", 
            "osm_type": "relation", 
            "postal": "4700", 
            "provider": "osm", 
            "quality": "city", 
            "state": "Catamarca", 
            "status": "OK"
        }, 
        {
            "address": "San Miguel de Tucum\u00e1n, Departamento Capital, Tucum\u00e1n, Argentina", 
            "country": "AR", 
            "lat": -26.8474393, 
            "lng": -65.2259153938646, 
            "location": "san miguel de tucuman, tucuman, argentina", 
            "osm_id": "3486117", 
            "osm_type": "relation", 
            "provider": "osm", 
            "quality": "administrative", 
            "state": "Tucum\u00e1n", 
            "status": "OK"
        }, 
        {
            "address": "Tafi del Valle, Departamento Taf\u00ed del Valle, Tucum\u00e1n, Argentina", 
            "country": "AR", 
            "lat": -26.8511691, 
            "lng": -65.6958151493311, 
            "location": "taf\u00ed del valle, tucuman, argentina", 
            "osm_id": "129179462", 
            "osm_type": "way", 
            "provider": "osm", 
            "quality": "administrative", 
            "state": "Tucum\u00e1n", 
            "status": "OK"
        }, 
        {
            "address": "Amaicha del Valle, Departamento Taf\u00ed del Valle, Tucum\u00e1n, Argentina", 
            "country": "AR", 
            "lat": -26.5937944, 
            "lng": -65.920251, 
            "location": "amaicha del valle, tucuman, argentina", 
            "osm_id": "198438827", 
            "osm_type": "node", 
            "provider": "osm", 
            "quality": "village", 
            "state": "Tucum\u00e1n", 
            "status": "OK"
        }, 
        {
            "address": "Salta, Capital, Salta, Argentina", 
            "city": "Salta", 
            "country": "AR", 
            "lat": -24.7893823, 
            "lng": -65.4101933, 
            "location": "salta, salta, argentina", 
            "osm_id": "2722832", 
            "osm_type": "relation", 
            "provider": "osm", 
            "quality": "city", 
            "state": "Salta", 
            "status": "OK"
        }, 
        {
            "address": "Cafayate, Salta, Argentina", 
            "country": "AR", 
            "lat": -26.1121205, 
            "lng": -65.8990728210428, 
            "location": "cafayate, salta, argentina", 
            "osm_id": "3059841", 
            "osm_type": "relation", 
            "provider": "osm", 
            "quality": "administrative", 
            "state": "Salta", 
            "status": "OK"
        }, 
        {
            "address": "Capilla del Monte, Departamento Punilla, C\u00f3rdoba, Argentina", 
            "city": "Capilla del Monte", 
            "country": "AR", 
            "lat": -30.8568613, 
            "lng": -64.5262607, 
            "location": "capilla del monte, cordoba, argentina", 
            "osm_id": "2284097", 
            "osm_type": "relation", 
            "provider": "osm", 
            "quality": "administrative", 
            "state": "C\u00f3rdoba", 
            "status": "OK"
        }, 
        {
            "address": "C\u00f3rdoba, Departamento Capital, C\u00f3rdoba, Argentina", 
            "city": "C\u00f3rdoba", 
            "country": "AR", 
            "lat": -31.4167477, 
            "lng": -64.1836023, 
            "location": "cordoba, cordoba, argentina", 
            "osm_id": "2466067279", 
            "osm_type": "node", 
            "provider": "osm", 
            "quality": "city", 
            "state": "C\u00f3rdoba", 
            "status": "OK"
        }, 
        {
            "address": "Villa Tulumba, Tulumba, C\u00f3rdoba, Argentina", 
            "country": "AR", 
            "lat": -30.3942959, 
            "lng": -64.1205121435444, 
            "location": "villa tulumba, cordoba, argentina", 
            "osm_id": "239381966", 
            "osm_type": "way", 
            "provider": "osm", 
            "quality": "residential", 
            "state": "C\u00f3rdoba", 
            "status": "OK"
        }, 
        {
            "address": "Cruz del Eje, C\u00f3rdoba, Argentina", 
            "country": "AR", 
            "lat": -30.7282247, 
            "lng": -64.7978746, 
            "location": "cruz del eje, cordoba, argentina", 
            "osm_id": "198446642", 
            "osm_type": "node", 
            "provider": "osm", 
            "quality": "town", 
            "state": "C\u00f3rdoba", 
            "status": "OK"
        }, 
        {
            "address": "CABA, Buenos Aires, Argentina", 
            "city": "CABA", 
            "country": "AR", 
            "lat": -34.612869, 
            "lng": -58.4459789, 
            "location": "buenos aires, buenos aires, argentina", 
            "osm_id": "1224652", 
            "osm_type": "relation", 
            "provider": "osm", 
            "quality": "city", 
            "state": "Buenos Aires", 
            "status": "OK"
        }, 
        {
            "address": "Mart\u00ednez, Partido de San Isidro, Buenos Aires, Argentina", 
            "city": "Mart\u00ednez", 
            "country": "AR", 
            "lat": -34.4939666, 
            "lng": -58.510352, 
            "location": "martinez, buenos aires, argentina", 
            "osm_id": "1770849", 
            "osm_type": "relation", 
            "provider": "osm", 
            "quality": "administrative", 
            "state": "Buenos Aires", 
            "status": "OK"
        }, 
        {
            "address": "San Clemente del Tuy\u00fa, Partido de La Costa, Buenos Aires, Argentina", 
            "city": "San Clemente del Tuy\u00fa", 
            "country": "AR", 
            "lat": -36.3559613, 
            "lng": -56.7188989, 
            "location": "san clemente del tuyu, buenos aires, argentina", 
            "osm_id": "3399940", 
            "osm_type": "relation", 
            "provider": "osm", 
            "quality": "administrative", 
            "state": "Buenos Aires", 
            "status": "OK"
        }, 
        {
            "address": "Quilmes, Partido de Quilmes, Buenos Aires, Argentina", 
            "city": "Quilmes", 
            "country": "AR", 
            "lat": -34.7303025, 
            "lng": -58.268868, 
            "location": "quilmes, buenos aires, argentina", 
            "osm_id": "2067960", 
            "osm_type": "relation", 
            "provider": "osm", 
            "quality": "city", 
            "state": "Buenos Aires", 
            "status": "OK"
        }, 
        {
            "address": "Tigre, Partido de Tigre, Buenos Aires, Argentina", 
            "city": "Tigre", 
            "country": "AR", 
            "lat": -34.4233349, 
            "lng": -58.5786786, 
            "location": "tigre, buenos aires, argentina", 
            "osm_id": "2409645", 
            "osm_type": "relation", 
            "provider": "osm", 
            "quality": "administrative", 
            "state": "Buenos Aires", 
            "status": "OK"
        }, 
        {
            "address": "Olivos, Vicente L\u00f3pez, Partido de Vicente L\u00f3pez, Buenos Aires, Argentina", 
            "city": "Vicente L\u00f3pez", 
            "country": "AR", 
            "lat": -34.5132317, 
            "lng": -58.4987369635549, 
            "location": "olivos, buenos aires, argentina", 
            "osm_id": "1270158", 
            "osm_type": "relation", 
            "provider": "osm", 
            "quality": "administrative", 
            "state": "Buenos Aires", 
            "status": "OK"
        }, 
        {
            "address": "Gonz\u00e1lez Cat\u00e1n, Partido de La Matanza, Buenos Aires, Argentina", 
            "city": "Gonz\u00e1lez Cat\u00e1n", 
            "country": "AR", 
            "lat": -34.7752996, 
            "lng": -58.6412046, 
            "location": "gonz\u00e1lez cat\u00e1n, buenos aires, argentina", 
            "osm_id": "1751004", 
            "osm_type": "relation", 
            "provider": "osm", 
            "quality": "city", 
            "state": "Buenos Aires", 
            "status": "OK"
        }, 
        {
            "address": "San Marcos Sierra, Cruz del Eje, C\u00f3rdoba, Argentina", 
            "city": "San Marcos Sierra", 
            "country": "AR", 
            "lat": -30.7830714, 
            "lng": -64.6361009, 
            "location": "san marcos sierra, c\u00f3rdoba, argentina", 
            "osm_id": "2284136", 
            "osm_type": "relation", 
            "provider": "osm", 
            "quality": "administrative", 
            "state": "C\u00f3rdoba", 
            "status": "OK"
        }, 
        {
            "address": "Mina Clavero, San Alberto, C\u00f3rdoba, Argentina", 
            "country": "AR", 
            "lat": -31.7224884, 
            "lng": -65.0047267, 
            "location": "mina clavero, c\u00f3rdoba, argentina", 
            "osm_id": "198403848", 
            "osm_type": "node", 
            "provider": "osm", 
            "quality": "town", 
            "state": "C\u00f3rdoba", 
            "status": "OK"
        }, 
        {
            "address": "Merlo, Jun\u00edn, San Luis, Argentina", 
            "city": "Merlo", 
            "country": "AR", 
            "lat": -32.3434026, 
            "lng": -65.0137972, 
            "location": "merlo, san luis, argentina", 
            "osm_id": "113230994", 
            "osm_type": "way", 
            "provider": "osm", 
            "quality": "administrative", 
            "state": "San Luis", 
            "status": "OK"
        }, 
        {
            "address": "Ciudad de Mendoza, Secci\u00f3n 10\u00aa Residencial Los Cerros, Departamento Capital, Mendoza, Argentina", 
            "city": "Ciudad de Mendoza", 
            "country": "AR", 
            "lat": -32.8808922, 
            "lng": -68.8991190236928, 
            "location": "mendoza, mendoza, argentina", 
            "osm_id": "4206710", 
            "osm_type": "relation", 
            "provider": "osm", 
            "quality": "administrative", 
            "state": "Mendoza", 
            "status": "OK"
        }, 
        {
            "address": "Trapiche, Coronel Pringles, San Luis, Argentina", 
            "country": "AR", 
            "lat": -33.1087793, 
            "lng": -66.0627291, 
            "location": "el trapiche, san luis, argentina", 
            "osm_id": "198430578", 
            "osm_type": "node", 
            "provider": "osm", 
            "quality": "village", 
            "state": "San Luis", 
            "status": "OK"
        }, 
        {
            "address": "Uspallata, Distrito Uspallata, Departamento Las Heras, Mendoza, Argentina", 
            "country": "AR", 
            "lat": -32.5908062, 
            "lng": -69.3465546, 
            "location": "uspallata , mendoza, argentina", 
            "osm_id": "198432129", 
            "osm_type": "node", 
            "provider": "osm", 
            "quality": "village", 
            "state": "Mendoza", 
            "status": "OK"
        }, 
        {
            "address": "Los Andes, Provincia de Los Andes, V Regi\u00f3n de Valpara\u00edso, Chile", 
            "city": "Los Andes", 
            "country": "CL", 
            "lat": -32.8336683, 
            "lng": -70.5981352, 
            "location": "los andes, los andes, chile", 
            "osm_id": "166557", 
            "osm_type": "relation", 
            "provider": "osm", 
            "quality": "city", 
            "state": "V Regi\u00f3n de Valpara\u00edso", 
            "status": "OK"
        }, 
        {
            "address": "Vi\u00f1a del Mar, Provincia de Valpara\u00edso, V Regi\u00f3n de Valpara\u00edso, Chile", 
            "city": "Vi\u00f1a del Mar", 
            "country": "CL", 
            "lat": -33.024503, 
            "lng": -71.5518119, 
            "location": "vi\u00f1a del mar, chile", 
            "osm_id": "110804", 
            "osm_type": "relation", 
            "provider": "osm", 
            "quality": "city", 
            "state": "V Regi\u00f3n de Valpara\u00edso", 
            "status": "OK"
        }, 
        {
            "address": "Paran\u00e1, Municipio de Paran\u00e1, Distrito Sauce, Departamento Paran\u00e1, Entre R\u00edos, Argentina", 
            "city": "Paran\u00e1", 
            "country": "AR", 
            "lat": -31.7432607, 
            "lng": -60.5171971, 
            "location": "paran\u00e1, entre r\u00edos, argentina", 
            "osm_id": "198409278", 
            "osm_type": "node", 
            "provider": "osm", 
            "quality": "city", 
            "state": "Entre R\u00edos", 
            "status": "OK"
        }, 
        {
            "address": "San Lorenzo, Capital, Salta, Argentina", 
            "city": "San Lorenzo", 
            "country": "AR", 
            "lat": -24.7302907, 
            "lng": -65.4878597, 
            "location": "san lorenzo, salta, argentina", 
            "osm_id": "2292088", 
            "osm_type": "relation", 
            "provider": "osm", 
            "quality": "administrative", 
            "state": "Salta", 
            "status": "OK"
        }, 
        {
            "address": "Purmamarca, Departamento Tumbaya, Jujuy, Argentina", 
            "country": "AR", 
            "lat": -23.7461326, 
            "lng": -65.4991577, 
            "location": "purmamarca, jujuy, argentina", 
            "osm_id": "198414983", 
            "osm_type": "node", 
            "provider": "osm", 
            "quality": "village", 
            "state": "Jujuy", 
            "status": "OK"
        }, 
        {
            "address": "Tilcara, Departamento Tilcara, Jujuy, Argentina", 
            "country": "AR", 
            "lat": -23.5787673, 
            "lng": -65.3943695, 
            "location": "tilcara, jujuy, argentina", 
            "osm_id": "198429516", 
            "osm_type": "node", 
            "provider": "osm", 
            "quality": "town", 
            "state": "Jujuy", 
            "status": "OK"
        }, 
        {
            "address": "Santa Fe, Santa Fe Capital, Departamento La Capital, Santa Fe, S3000, Argentina", 
            "city": "Santa Fe", 
            "country": "AR", 
            "lat": -31.6184553, 
            "lng": -60.7029753, 
            "location": "Santa Fe, Capital, Santa Fe, Argentina", 
            "osm_id": "198423933", 
            "osm_type": "node", 
            "postal": "S3000", 
            "provider": "osm", 
            "quality": "city", 
            "state": "Santa Fe", 
            "status": "OK"
        }, 
        {
            "address": "Santiago del Estero, Capital, Santiago del Estero, Argentina", 
            "city": "Santiago del Estero", 
            "country": "AR", 
            "lat": -27.7877148, 
            "lng": -64.2595062, 
            "location": "Santiago del Estero, Capital, Santiago del Estero, Argentina", 
            "osm_id": "3759837", 
            "osm_type": "relation", 
            "provider": "osm", 
            "quality": "city", 
            "state": "Santiago del Estero", 
            "status": "OK"
        }, 
        {
            "address": "San Juan, Capital, San Juan, Argentina", 
            "city": "San Juan", 
            "country": "AR", 
            "lat": -31.5370404, 
            "lng": -68.5250194, 
            "location": "San Juan, Capital, San Juan, Argentina", 
            "osm_id": "198421467", 
            "osm_type": "node", 
            "provider": "osm", 
            "quality": "city", 
            "state": "San Juan", 
            "status": "OK"
        }, 
        {
            "address": "San Luis, Juan Mart\u00edn de Pueyrred\u00f3n, San Luis, Argentina", 
            "city": "San Luis", 
            "country": "AR", 
            "lat": -33.3019696, 
            "lng": -66.3369903, 
            "location": "San Luis, Juan Mart\u00edn de Pueyrred\u00f3n, San Luis, Argentina", 
            "osm_id": "3450259", 
            "osm_type": "relation", 
            "provider": "osm", 
            "quality": "city", 
            "state": "San Luis", 
            "status": "OK"
        }, 
        {
            "address": "Villa Cura Brochero, San Alberto, C\u00f3rdoba, Argentina", 
            "country": "AR", 
            "lat": -31.7063631, 
            "lng": -65.0185958, 
            "location": "villa cura brochero, c\u00f3rdoba, argentina", 
            "osm_id": "198433819", 
            "osm_type": "node", 
            "provider": "osm", 
            "quality": "village", 
            "state": "C\u00f3rdoba", 
            "status": "OK"
        }, 
        {
            "address": "Humahuaca, Departamento Humahuaca, Jujuy, Argentina", 
            "city": "Humahuaca", 
            "country": "AR", 
            "lat": -23.2052548, 
            "lng": -65.3481454, 
            "location": "humahuaca, jujuy, argentina", 
            "osm_id": "2294331", 
            "osm_type": "relation", 
            "provider": "osm", 
            "quality": "administrative", 
            "state": "Jujuy", 
            "status": "OK"
        }, 
        {
            "address": "Valpara\u00edso, Provincia de Valpara\u00edso, V Regi\u00f3n de Valpara\u00edso, Chile", 
            "city": "Valpara\u00edso", 
            "country": "CL", 
            "lat": -33.0475721, 
            "lng": -71.6153581, 
            "location": "valparaiso, provincia del valparaiso, chile", 
            "osm_id": "110808", 
            "osm_type": "relation", 
            "provider": "osm", 
            "quality": "city", 
            "state": "V Regi\u00f3n de Valpara\u00edso", 
            "status": "OK"
        }, 
        {
            "address": "Concordia, Municipio de Concordia, Distrito Suburbios, Departamento Concordia, Entre R\u00edos, Argentina", 
            "city": "Concordia", 
            "country": "AR", 
            "lat": -31.3972539, 
            "lng": -58.0173305, 
            "location": "concordia, entre r\u00edos, argentina", 
            "osm_id": "198445828", 
            "osm_type": "node", 
            "provider": "osm", 
            "quality": "city", 
            "state": "Entre R\u00edos", 
            "status": "OK"
        }, 
        {
            "address": "Salto, 50000, Uruguay", 
            "city": "Salto", 
            "country": "UY", 
            "lat": -31.38889, 
            "lng": -57.9608876, 
            "location": "salto, salto, uruguay", 
            "osm_id": "3414038", 
            "osm_type": "relation", 
            "postal": "50000", 
            "provider": "osm", 
            "quality": "city", 
            "state": "Salto", 
            "status": "OK"
        }, 
        {
            "address": "Mercedes, Municipio de Mercedes, Departamento Mercedes, Corrientes, Argentina", 
            "city": "Mercedes", 
            "country": "AR", 
            "lat": -29.1835645, 
            "lng": -58.0799951, 
            "location": "mercedes, corrientes, argentina", 
            "osm_id": "198403599", 
            "osm_type": "node", 
            "provider": "osm", 
            "quality": "town", 
            "state": "Corrientes", 
            "status": "OK"
        }, 
        {
            "address": "Bella Vista, Municipio de Bella Vista, Departamento Bella Vista, Corrientes, Argentina", 
            "country": "AR", 
            "lat": -28.5073653, 
            "lng": -59.0452284, 
            "location": "bella vista, corrientes, argentina", 
            "osm_id": "198440694", 
            "osm_type": "node", 
            "provider": "osm", 
            "quality": "town", 
            "state": "Corrientes", 
            "status": "OK"
        }, 
        {
            "address": "Chajar\u00ed, Municipio de Chajar\u00ed, Distrito Mandisov\u00ed, Departamento Federaci\u00f3n, Entre R\u00edos, Argentina", 
            "country": "AR", 
            "lat": -30.7565741, 
            "lng": -57.9848989, 
            "location": "chajar\u00ed, entre r\u00edos, argentina", 
            "osm_id": "198443272", 
            "osm_type": "node", 
            "provider": "osm", 
            "quality": "town", 
            "state": "Entre R\u00edos", 
            "status": "OK"
        }, 
        {
            "address": "Corrientes, Municipio de Corrientes, Departamento Capital, Corrientes, Argentina", 
            "city": "Corrientes", 
            "country": "AR", 
            "lat": -27.4720342, 
            "lng": -58.8328658, 
            "location": "corrientes, corrientes, argentina", 
            "osm_id": "198446469", 
            "osm_type": "node", 
            "provider": "osm", 
            "quality": "city", 
            "state": "Corrientes", 
            "status": "OK"
        }, 
        {
            "address": "Las Bre\u00f1as, Departamento Nueve de Julio, Chaco, Argentina", 
            "country": "AR", 
            "lat": -27.0863246, 
            "lng": -61.0859456, 
            "location": "Las Bre\u00f1as, Departamento Nueve de Julio, Chaco, Argentina", 
            "osm_id": "1665510", 
            "osm_type": "relation", 
            "provider": "osm", 
            "quality": "administrative", 
            "state": "Chaco", 
            "status": "OK"
        }, 
        {
            "address": "Resistencia, Departamento San Fernando, Chaco, Argentina", 
            "city": "Resistencia", 
            "country": "AR", 
            "lat": -27.4511043, 
            "lng": -58.9865646, 
            "location": "resistencia, chaco, argentina", 
            "osm_id": "1572779", 
            "osm_type": "relation", 
            "provider": "osm", 
            "quality": "city", 
            "state": "Chaco", 
            "status": "OK"
        }, 
        {
            "address": "Formosa, Departamento Formosa, Formosa, Argentina", 
            "city": "Formosa", 
            "country": "AR", 
            "lat": -26.1852983, 
            "lng": -58.1744976, 
            "location": "formosa, formosa, argentina", 
            "osm_id": "2294368", 
            "osm_type": "relation", 
            "provider": "osm", 
            "quality": "city", 
            "state": "Formosa", 
            "status": "OK"
        }, 
        {
            "address": "Nuestra Se\u00f1ora del Rosario de Caa Cat\u00ed, Municipio de Nuestra Se\u00f1ora del Rosario de Ca\u00e1 Cat\u00ed, Departamento General Paz, Corrientes, Argentina", 
            "country": "AR", 
            "lat": -27.75, 
            "lng": -57.616667, 
            "location": "nuestra se\u00f1ora del rosario de ca\u00e1 cat\u00ed, corrientes, argentina", 
            "osm_id": "198406750", 
            "osm_type": "node", 
            "provider": "osm", 
            "quality": "hamlet", 
            "state": "Corrientes", 
            "status": "OK"
        }, 
        {
            "address": "San Miguel, Municipio de San Miguel, Departamento San Miguel, Corrientes, Argentina", 
            "country": "AR", 
            "lat": -27.9983245, 
            "lng": -57.5872963, 
            "location": "san miguel, corrientes, argentina", 
            "osm_id": "198422106", 
            "osm_type": "node", 
            "provider": "osm", 
            "quality": "village", 
            "state": "Corrientes", 
            "status": "OK"
        }, 
        {
            "address": "Santa Ana, Municipio de Santa Ana, Departamento San Cosme, Corrientes, Argentina", 
            "country": "AR", 
            "lat": -27.4553563, 
            "lng": -58.6547774, 
            "location": "santa ana, corrientes, argentina", 
            "osm_id": "198423396", 
            "osm_type": "node", 
            "provider": "osm", 
            "quality": "village", 
            "state": "Corrientes", 
            "status": "OK"
        }, 
        {
            "address": "Mburucuy\u00e1, Municipio de Mburucuy\u00e1, Departamento Mburucuy\u00e1, Corrientes, Argentina", 
            "country": "AR", 
            "lat": -28.0430389, 
            "lng": -58.228588, 
            "location": "mburucuy\u00e1, corrientes, argentina", 
            "osm_id": "198403144", 
            "osm_type": "node", 
            "provider": "osm", 
            "quality": "village", 
            "state": "Corrientes", 
            "status": "OK"
        }, 
        {
            "address": "Laguna Naineck, Departamento Pilcomayo, Formosa, Argentina", 
            "country": "AR", 
            "lat": -25.2189965, 
            "lng": -58.1219241, 
            "location": "laguna naineck, formosa, argentina", 
            "osm_id": "198456057", 
            "osm_type": "node", 
            "provider": "osm", 
            "quality": "village", 
            "state": "Formosa", 
            "status": "OK"
        }, 
        {
            "address": "Herradura, Departamento Laishi, Formosa, Argentina", 
            "country": "AR", 
            "lat": -26.4892536, 
            "lng": -58.311546, 
            "location": "herradura, formosa, argentina", 
            "osm_id": "198452211", 
            "osm_type": "node", 
            "provider": "osm", 
            "quality": "village", 
            "state": "Formosa", 
            "status": "OK"
        }, 
        {
            "address": "Asunci\u00f3n, Distrito Capital de Paraguay, Regi\u00f3n Oriental, Paraguay", 
            "city": "Asunci\u00f3n", 
            "country": "PY", 
            "lat": -25.2960638, 
            "lng": -57.6311446, 
            "location": "asunci\u00f3n, distrito capital de paraguay, paraguay", 
            "osm_id": "249854726", 
            "osm_type": "node", 
            "provider": "osm", 
            "quality": "city", 
            "state": "Distrito Capital de Paraguay", 
            "status": "OK"
        }, 
        {
            "address": "San Bernardino, Cordillera, Regi\u00f3n Oriental, Paraguay", 
            "country": "PY", 
            "lat": -25.3087796, 
            "lng": -57.2958319, 
            "location": "san bernardino, paraguay", 
            "osm_id": "1317869054", 
            "osm_type": "node", 
            "provider": "osm", 
            "quality": "town", 
            "state": "Cordillera", 
            "status": "OK"
        }, 
        {
            "address": "Caacup\u00e9, Cordillera, Regi\u00f3n Oriental, Paraguay", 
            "country": "PY", 
            "lat": -25.3855654, 
            "lng": -57.1401431, 
            "location": "caacupe, paraguay", 
            "osm_id": "313910428", 
            "osm_type": "node", 
            "provider": "osm", 
            "quality": "town", 
            "state": "Cordillera", 
            "status": "OK"
        }, 
        {
            "address": "Minga Guaz\u00fa, Alto Paran\u00e1, Regi\u00f3n Oriental, Paraguay", 
            "country": "PY", 
            "lat": -25.4868943, 
            "lng": -54.7645406, 
            "location": "minga guaz\u00fa, paraguay", 
            "osm_id": "2003302090", 
            "osm_type": "node", 
            "provider": "osm", 
            "quality": "town", 
            "state": "Alto Paran\u00e1", 
            "status": "OK"
        }, 
        {
            "address": "Ciudad del Este, Alto Paran\u00e1, Regi\u00f3n Oriental, Paraguay", 
            "city": "Ciudad del Este", 
            "country": "PY", 
            "lat": -25.5169015, 
            "lng": -54.6168645, 
            "location": "ciudad del este, paraguay", 
            "osm_id": "319466986", 
            "osm_type": "node", 
            "provider": "osm", 
            "quality": "city", 
            "state": "Alto Paran\u00e1", 
            "status": "OK"
        }, 
        {
            "address": "Villarrica, Guair\u00e1, Regi\u00f3n Oriental, 5000, Paraguay", 
            "city": "Villarrica", 
            "country": "PY", 
            "lat": -25.7809839, 
            "lng": -56.4478765, 
            "location": "villarrica, paraguay", 
            "osm_id": "313912581", 
            "osm_type": "node", 
            "postal": "5000", 
            "provider": "osm", 
            "quality": "city", 
            "state": "Guair\u00e1", 
            "status": "OK"
        }, 
        {
            "address": "Puerto Iguaz\u00fa, Municipio de Puerto Iguaz\u00fa, Departamento Iguaz\u00fa, Misiones, Argentina", 
            "city": "Puerto Iguaz\u00fa", 
            "country": "AR", 
            "lat": -25.5971395, 
            "lng": -54.5770904, 
            "location": "puerto iguaz\u00fa, misiones, argentina", 
            "osm_id": "2294418", 
            "osm_type": "relation", 
            "provider": "osm", 
            "quality": "administrative", 
            "state": "Misiones", 
            "status": "OK"
        }, 
        {
            "address": "Foz do Igua\u00e7u, PR, Regi\u00e3o Sul, Brasil", 
            "city": "Foz do Igua\u00e7u", 
            "country": "BR", 
            "lat": -25.5166657, 
            "lng": -54.5852351, 
            "location": "foz do iguacu, brasil", 
            "osm_id": "297473", 
            "osm_type": "relation", 
            "provider": "osm", 
            "quality": "city", 
            "state": "PR", 
            "status": "OK"
        }, 
        {
            "address": "San Ignacio, Municipio de San Ignacio, Departamento San Ignacio, Misiones, Argentina", 
            "city": "San Ignacio", 
            "country": "AR", 
            "lat": -27.256382, 
            "lng": -55.5366467, 
            "location": "san ignacio, misiones, argentina", 
            "osm_id": "3489868", 
            "osm_type": "relation", 
            "provider": "osm", 
            "quality": "administrative", 
            "state": "Misiones", 
            "status": "OK"
        }, 
        {
            "address": "Posadas, Municipio de Posadas, Departamento Capital, Misiones, Argentina", 
            "city": "Posadas", 
            "country": "AR", 
            "lat": -27.3665072, 
            "lng": -55.8941895, 
            "location": "posadas, misiones, argentina", 
            "osm_id": "2294383", 
            "osm_type": "relation", 
            "provider": "osm", 
            "quality": "city", 
            "state": "Misiones", 
            "status": "OK"
        }, 
        {
            "address": "Ap\u00f3stoles, Municipio de Ap\u00f3stoles, Departamento Ap\u00f3stoles, Misiones, Argentina", 
            "city": "Ap\u00f3stoles", 
            "country": "AR", 
            "lat": -27.9141743, 
            "lng": -55.7549335, 
            "location": "apostoles, misiones, argentina", 
            "osm_id": "3966895", 
            "osm_type": "relation", 
            "provider": "osm", 
            "quality": "administrative", 
            "state": "Misiones", 
            "status": "OK"
        }, 
        {
            "address": "Eldorado, Municipio de Eldorado, Departamento Eldorado, Misiones, Argentina", 
            "city": "Eldorado", 
            "country": "AR", 
            "lat": -26.404486, 
            "lng": -54.6258412, 
            "location": "eldorado, misiones, argentina", 
            "osm_id": "4002038", 
            "osm_type": "relation", 
            "provider": "osm", 
            "quality": "administrative", 
            "state": "Misiones", 
            "status": "OK"
        }, 
        {
            "address": "Encarnaci\u00f3n, Itap\u00faa, Regi\u00f3n Oriental, 6000, Paraguay", 
            "country": "PY", 
            "lat": -27.3385816, 
            "lng": -55.8668456, 
            "location": "encarnaci\u00f3n, paraguay", 
            "osm_id": "243191014", 
            "osm_type": "node", 
            "postal": "6000", 
            "provider": "osm", 
            "quality": "town", 
            "state": "Itap\u00faa", 
            "status": "OK"
        }, 
        {
            "address": "La Colmena, Paraguar\u00ed, Regi\u00f3n Oriental, Paraguay", 
            "country": "PY", 
            "lat": -25.8856298, 
            "lng": -56.8404292, 
            "location": "La Colmena, Paraguay", 
            "osm_id": "164060308", 
            "osm_type": "way", 
            "provider": "osm", 
            "quality": "town", 
            "state": "Paraguar\u00ed", 
            "status": "OK"
        }, 
        {
            "accuracy": 0.775, 
            "address": "San Cosme y Dami\u00e1n, Itap\u00faa, Regi\u00f3n Oriental, Paraguay", 
            "bbox": {
                "northeast": [
                    -27.3061213, 
                    -56.3238366
                ], 
                "southwest": [
                    -27.3249375, 
                    -56.3387926
                ]
            }, 
            "confidence": 7, 
            "country": "Paraguay", 
            "encoding": "utf-8", 
            "geometry": {
                "coordinates": [
                    -56.3317449, 
                    -27.3130757
                ], 
                "type": "Point"
            }, 
            "icon": "http://nominatim.openstreetmap.org/images/mapicons/poi_place_village.p.20.png", 
            "importance": 0.775, 
            "lat": -27.3130757, 
            "lng": -56.3317449, 
            "location": "san cosme y dami\u00e1n, paraguay", 
            "method": "geocode", 
            "ok": true, 
            "osm_id": "161211630", 
            "osm_type": "way", 
            "place_id": "92534872", 
            "place_rank": "19", 
            "provider": "osm", 
            "quality": "village", 
            "region": "Itap\u00faa", 
            "state": "Itap\u00faa", 
            "status": "OK", 
            "type": "village", 
            "village": "San Cosme y Dami\u00e1n"
        }, 
        {
            "accuracy": 0.64761685113657, 
            "address": "San Ignacio Guaz\u00fa, Misiones, Regi\u00f3n Oriental, Paraguay", 
            "bbox": {
                "northeast": [
                    -26.8732244, 
                    -57.0027283
                ], 
                "southwest": [
                    -26.9018622, 
                    -57.0444846
                ]
            }, 
            "confidence": 6, 
            "country": "Paraguay", 
            "encoding": "utf-8", 
            "geometry": {
                "coordinates": [
                    -57.0245787, 
                    -26.8904131
                ], 
                "type": "Point"
            }, 
            "icon": "http://nominatim.openstreetmap.org/images/mapicons/poi_place_town.p.20.png", 
            "importance": 0.64761685113657, 
            "lat": -26.8904131, 
            "lng": -57.0245787, 
            "location": "san ignacio guaz\u00fa, paraguay", 
            "method": "geocode", 
            "ok": true, 
            "osm_id": "130657689", 
            "osm_type": "way", 
            "place_id": "84498198", 
            "place_rank": "18", 
            "provider": "osm", 
            "quality": "town", 
            "region": "Misiones", 
            "state": "Misiones", 
            "status": "OK", 
            "town": "San Ignacio Guaz\u00fa", 
            "type": "town"
        }, 
        {
            "accuracy": 0.301, 
            "address": "Parque nacional Ybycu\u00ed, Ramal Carapegu\u00e1 a la Rosada, Paraguar\u00ed, Regi\u00f3n Oriental, Paraguay", 
            "bbox": {
                "northeast": [
                    -26.0461055, 
                    -56.7841862
                ], 
                "southwest": [
                    -26.1073584, 
                    -56.8666438
                ]
            }, 
            "confidence": 4, 
            "country": "Paraguay", 
            "encoding": "utf-8", 
            "geometry": {
                "coordinates": [
                    -56.8199438866846, 
                    -26.0771897
                ], 
                "type": "Point"
            }, 
            "importance": 0.301, 
            "lat": -26.0771897, 
            "lng": -56.8199438866846, 
            "location": "parque nacional ybycui, paraguay", 
            "method": "geocode", 
            "ok": true, 
            "osm_id": "343108721", 
            "osm_type": "way", 
            "place_id": "2584448581", 
            "place_rank": "30", 
            "provider": "osm", 
            "quality": "nature_reserve", 
            "region": "Paraguar\u00ed", 
            "state": "Paraguar\u00ed", 
            "status": "OK", 
            "street": "Ramal Carapegu\u00e1 a la Rosada", 
            "type": "nature_reserve"
        }, 
        {
            "accuracy": 0.46123930027934, 
            "address": "Sapuca\u00ed, Paraguar\u00ed, Regi\u00f3n Oriental, Paraguay", 
            "bbox": {
                "northeast": [
                    -25.6577272, 
                    -56.9399572
                ], 
                "southwest": [
                    -25.6771459, 
                    -56.970831
                ]
            }, 
            "confidence": 7, 
            "country": "Paraguay", 
            "encoding": "utf-8", 
            "geometry": {
                "coordinates": [
                    -56.9524852, 
                    -25.6647857
                ], 
                "type": "Point"
            }, 
            "icon": "http://nominatim.openstreetmap.org/images/mapicons/poi_place_town.p.20.png", 
            "importance": 0.46123930027934, 
            "lat": -25.6647857, 
            "lng": -56.9524852, 
            "location": "sapuca\u00ed, paraguay", 
            "method": "geocode", 
            "ok": true, 
            "osm_id": "133153159", 
            "osm_type": "way", 
            "place_id": "85092165", 
            "place_rank": "18", 
            "provider": "osm", 
            "quality": "town", 
            "region": "Paraguar\u00ed", 
            "state": "Paraguar\u00ed", 
            "status": "OK", 
            "town": "Sapuca\u00ed", 
            "type": "town"
        }, 
        {
            "accuracy": 0.63940162059147, 
            "address": "Paraguar\u00ed, Regi\u00f3n Oriental, Paraguay", 
            "bbox": {
                "northeast": [
                    -25.5807309, 
                    -57.1075978
                ], 
                "southwest": [
                    -25.6607309, 
                    -57.1875978
                ]
            }, 
            "confidence": 4, 
            "country": "Paraguay", 
            "encoding": "utf-8", 
            "geometry": {
                "coordinates": [
                    -57.1475978, 
                    -25.6207309
                ], 
                "type": "Point"
            }, 
            "icon": "http://nominatim.openstreetmap.org/images/mapicons/poi_place_town.p.20.png", 
            "importance": 0.63940162059147, 
            "lat": -25.6207309, 
            "lng": -57.1475978, 
            "location": "paraguar\u00ed, paraguar\u00ed, paraguay", 
            "method": "geocode", 
            "ok": true, 
            "osm_id": "313921866", 
            "osm_type": "node", 
            "place_id": "1351097", 
            "place_rank": "18", 
            "provider": "osm", 
            "quality": "town", 
            "region": "Paraguar\u00ed", 
            "state": "Paraguar\u00ed", 
            "status": "OK", 
            "town": "Paraguar\u00ed", 
            "type": "town"
        }, 
        {
            "accuracy": 0.76748918685134, 
            "address": "San Miguel, Misiones, Regi\u00f3n Oriental, Paraguay", 
            "bbox": {
                "northeast": [
                    -26.5276959, 
                    -57.0342896
                ], 
                "southwest": [
                    -26.5392629, 
                    -57.04428
                ]
            }, 
            "confidence": 7, 
            "country": "Paraguay", 
            "encoding": "utf-8", 
            "geometry": {
                "coordinates": [
                    -57.0406464, 
                    -26.5342748
                ], 
                "type": "Point"
            }, 
            "icon": "http://nominatim.openstreetmap.org/images/mapicons/poi_place_town.p.20.png", 
            "importance": 0.76748918685134, 
            "lat": -26.5342748, 
            "lng": -57.0406464, 
            "location": "San Miguel, San Miguel, Misiones, Paraguay", 
            "method": "geocode", 
            "ok": true, 
            "osm_id": "130659801", 
            "osm_type": "way", 
            "place_id": "85439929", 
            "place_rank": "18", 
            "provider": "osm", 
            "quality": "town", 
            "region": "Misiones", 
            "state": "Misiones", 
            "status": "OK", 
            "town": "San Miguel", 
            "type": "town"
        }
    ]
}